url_path,views_total,views_unique
/rpomponio/neuroHarmonize,190,106
/rpomponio/neuroHarmonize/tree/master/neuroHarmonize,23,15
/rpomponio/neuroHarmonize/blob/master/README.md,20,8
/rpomponio/neuroHarmonize/blob/master/neuroHarmonize/harmonizationLearn.py,13,9
/rpomponio/neuroHarmonize/issues,11,7
/rpomponio/neuroHarmonize/blob/master/setup.py,6,6
/rpomponio/neuroHarmonize/blob/master/figure_1.png,6,5
/rpomponio/neuroHarmonize/blob/master/neuroHarmonize/harmonizationNIFTI.py,6,5
/rpomponio/neuroHarmonize/blob/master/neuroHarmonize/harmonizationApply.py,6,2
/rpomponio/neuroHarmonize/blob/master/.gitignore,5,2
